year,scenario_id,scenario_name,scenario_logic,scenario_mechanisms,A,Psi,sR,sO,sG,gen_total,informal,Q_HAUL,Q_HAUL_R,Q_HAUL_O,Q_HAUL_G,Q_MRF,Q_CMP,Q_WTE,Q_LF,Q_mat,Q_cmp,Q_comb,Q_ash,E_WTE,lambda_MRF,S_LF,S_ENV,gen_to_mun,mun_to_haul,tipping,rev_mat,rev_E,landfill_tax,net_MUN,net_HAUL,net_T,GHG_dir,GHG_net,E_net,D_climate,D_air,D_water,D_env,D_NC,D_LF,mass_residual
2024,value_1,Education only,"Awareness (built by education spend E_edu) shifts recycling, organics, and informal-leakage shares. Convenience channel stays off.",Education ON; convenience OFF.,0.0,0.0,0.3675712480595001,0.32829650284401024,0.27641881801870977,2475000.0,68590.74191750538,2406409.2580824946,909738.8389472627,812533.8445389252,684136.5745963067,909738.8389472627,30000.0,1400000.0,650592.0708194107,636817.1872630839,18000.000000000004,1092000.0,308000.0,434000.0,0.3,0.0,0.0,152271268.9904305,168448648.06577462,152021768.70938843,25472687.490523353,19530000.0,39035524.24916464,-16177379.075344115,-75016672.45074861,31983270.817107663,1061157.9995582174,183459.09356882505,356252.2628669577,34857227.77807676,322046953.83370405,487944.05311455805,357392125.66489536,0.2758538203896519,0.7296419681588893,0.0
2025,value_1,Education only,"Awareness (built by education spend E_edu) shifts recycling, organics, and informal-leakage shares. Convenience channel stays off.",Education ON; convenience OFF.,5.0,0.0,0.3688090660344087,0.32891199532403687,0.2748831152573781,2509650.0,68753.9281560981,2440896.071843902,925581.6725732539,825453.9890649691,689860.4102056789,925581.6725732539,30000.0,1400000.0,645625.1493281705,676270.9225157315,18000.000000000004,1092000.0,308000.0,434000.0,0.2693557548135127,650592.0708194107,68590.74191750538,154180611.47880328,170862725.02907315,152248707.64360616,27050836.90062926,19530000.0,38737508.95969023,-16682113.550269872,-74140033.34460129,33656048.31127703,1058912.6671125893,137814.6523452846,355960.2408018941,26184783.94560407,322030562.99278295,484218.8619961279,349728426.92914575,0.28811997799827116,0.7354966658451574,0.0
2026,value_1,Education only,"Awareness (built by education spend E_edu) shifts recycling, organics, and informal-leakage shares. Convenience channel stays off.",Education ON; convenience OFF.,10.0,0.0,0.3699910401781385,0.32949647751332145,0.27341752784579293,2545079.24,68958.80611188288,2476120.433888117,941656.5153433863,838594.6445722813,695869.2739724496,941656.5153433863,30000.0,1400000.0,644267.6266940093,712852.8071941079,18000.000000000004,1092000.0,308000.0,434000.0,0.24298000854997792,1296217.2201475813,137344.67007360348,156141612.97931898,173328430.37216818,152663076.79500204,28514112.28776432,19530000.0,38656057.60164056,-17186817.392849207,-73427222.9105823,35086462.77675704,1058920.8653654752,97582.77745195641,355645.53155966225,18540727.715871718,322026083.1680902,483200.720020507,343110181.6550865,0.29879516241153,0.7398076370290475,0.0
2027,value_1,Education only,"Awareness (built by education spend E_edu) shifts recycling, organics, and informal-leakage shares. Convenience channel stays off.",Education ON; convenience OFF.,15.0,0.0,0.37107287554354784,0.33002865476156584,0.27207684180623987,2581306.2,69234.83436305613,2512071.365636944,957852.7142923884,851905.0127136894,702313.6386308662,957852.7142923884,30000.0,1400000.0,646212.7167507804,746858.6488861635,18000.000000000004,1092000.0,308000.0,434000.0,0.2202781933567901,1940484.8468415905,206303.47618548636,158163859.45677528,175844995.59458607,153246217.26631066,29874345.95544654,19530000.0,38772763.00504682,-17681136.137810796,-72859933.56592846,36297637.29770728,1060990.0091558858,62245.495381105924,355311.88213039836,11826644.122410126,322032501.96527755,484659.53756308526,337438357.768033,0.308055996924255,0.7427570229132678,0.0
2028,value_1,Education only,"Awareness (built by education spend E_edu) shifts recycling, organics, and informal-leakage shares. Convenience channel stays off.",Education ON; convenience OFF.,20.0,0.0,0.37202533536565113,0.33049497736818273,0.2708970836863815,2618347.8200000003,69602.50213305315,2548745.3178669466,974091.7258394216,865350.8035129306,709302.7885145945,974091.7258394216,30000.0,1400000.0,651191.3623226681,778553.9555442788,18000.000000000004,1092000.0,308000.0,434000.0,0.20073855994068582,2586697.5635923706,275538.3105485425,160254515.9458288,178412172.25068626,153982319.89131606,31142158.221771155,19530000.0,39071481.73936009,-18157656.304857463,-72422469.71957377,37310001.91128067,1064951.658924847,31342.30782614008,354962.20867159823,5955038.486966616,322048931.49566483,488393.52174200106,332625438.1626016,0.31605902319751966,0.7445051265978775,0.0
2029,value_1,Education only,"Awareness (built by education spend E_edu) shifts recycling, organics, and informal-leakage shares. Convenience channel stays off.",Education ON; convenience OFF.,25.0,0.0,0.3728356415261366,0.3308900661149145,0.2698938533745336,2656224.12,70072.35832659205,2586151.7616734076,990335.0238173975,878918.1746828307,716898.5631731795,990335.0238173975,30000.0,1400000.0,658959.7908384512,808191.9708349565,18000.000000000004,1092000.0,308000.0,434000.0,0.18392064160302324,3237888.9259150387,345140.8126815956,162418151.63588718,181030623.31713852,154858040.25644448,32327678.83339826,19530000.0,39537587.45030707,-18612471.681251347,-72101183.88289545,38142411.03496547,1070654.0472212888,4442.879302836722,354598.5005694598,844147.0675389771,322074567.3097669,494219.84312883846,328590046.41065866,0.32294778025498905,0.7451967821052924,4.656612873077393e-10
2030,value_1,Education only,"Awareness (built by education spend E_edu) shifts recycling, organics, and informal-leakage shares. Convenience channel stays off.",Education ON; convenience OFF.,30.0,0.0,0.3735051549906753,0.3312153697302817,0.26906525507764584,2694950.5,70646.0258388652,2624304.4741611346,1006577.904194698,892609.0262623075,725117.5437041292,1006577.904194698,30000.0,1400000.0,669286.4902243983,836017.9839367366,18000.000000000004,1092000.0,308000.0,434000.0,0.1694453251429318,3896848.71675349,415213.1710081877,164656497.2883575,183701313.1912794,155861661.63706085,33440719.35746946,19530000.0,40157189.4134639,-19044815.902921915,-71883918.46390456,38812802.67864203,1077953.749135438,-18866.033194972435,354222.00946498406,-3584546.3070447627,322108645.4177405,501964.8676682988,325254261.5434869,0.32885589017356776,0.744966143671901,0.0
2031,value_1,Education only,"Awareness (built by education spend E_edu) shifts recycling, organics, and informal-leakage shares. Convenience channel stays off.",Education ON; convenience OFF.,35.0,0.0,0.3740451097094943,0.33147697187137215,0.2683972134276052,2734550.0599999996,71318.99339942636,2663231.0666005732,1022845.0771988041,906440.3733194789,733945.6160822904,1022845.0771988041,30000.0,1400000.0,681958.6584586363,862272.4081419372,18000.000000000004,1092000.0,308000.0,434000.0,0.15698630480445416,4566135.206977888,485859.1968470529,166969839.52297807,186426174.6620401,156983285.23889595,34490896.32567749,19530000.0,40917519.50751817,-19456335.139062047,-71759891.10767762,39338117.893631205,1086719.735787339,-38979.91316879215,353833.3051637307,-7406183.502070508,322150463.5729135,511468.9938439772,322543637.0173928,0.33390734258632343,0.7439356025051523,0.0
2032,value_1,Education only,"Awareness (built by education spend E_edu) shifts recycling, organics, and informal-leakage shares. Convenience channel stays off.",Education ON; convenience OFF.,40.0,0.0,0.3744721399710207,0.331683387409306,0.2678690203935127,2775039.7399999998,72082.91219206729,2702956.827807932,1039175.0699424248,920434.5811586396,743347.176706868,1039175.0699424248,30000.0,1400000.0,696774.3370315272,887182.4907764053,18000.000000000004,1092000.0,308000.0,434000.0,0.14626272662068446,5248093.865436524,557178.1902464792,169356921.29338446,189206977.94655526,158213968.9498491,35487299.63105621,19530000.0,41806460.221891634,-19850056.653170794,-71719350.45999527,39734322.48524063,1096827.9427755144,-56272.79707853147,353432.62691599387,-10691831.44492098,322199355.312204,522580.7527736454,320387777.47375387,0.3382157204182196,0.742217733608197,4.656612873077393e-10
2033,value_1,Education only,"Awareness (built by education spend E_edu) shifts recycling, organics, and informal-leakage shares. Convenience channel stays off.",Education ON; convenience OFF.,45.0,0.0,0.3748046671932947,0.33184383106740395,0.26745780230599964,2816441.1000000006,72928.07931499783,2743513.0206850027,1055615.2691550169,934618.6045996934,753279.1469302922,1055615.2691550169,30000.0,1400000.0,713551.7281162434,910961.2925687591,18000.000000000004,1092000.0,308000.0,434000.0,0.13703285734209614,5944868.202468052,629261.1024385465,171816247.15851748,192045911.44795018,159546044.48046267,36438451.70275036,19530000.0,42813103.6869746,-20229664.289432704,-71753627.81854258,40016064.872906744,1108167.0721254463,-71090.34970018873,353019.93597631843,-13507166.44303586,322254720.7027836,535163.7960871826,318721634.5924131,0.3418833027206002,0.7399131249837906,4.656612873077393e-10
2034,value_1,Education only,"Awareness (built by education spend E_edu) shifts recycling, organics, and informal-leakage shares. Convenience channel stays off.",Education ON; convenience OFF.,50.0,0.0,0.3750604930583694,0.33196709257252455,0.26714148717659103,2858772.62,73844.7474071756,2784927.8725928245,1072212.6683989665,949018.4349873385,763696.7692065196,1072212.6683989665,30000.0,1400000.0,732125.6742366434,933802.1983561812,18000.000000000004,1092000.0,308000.0,434000.0,0.12908863523265457,6658419.930584295,702189.1817535444,174346073.09804276,194944951.08149773,160972663.76380116,37352087.93424725,19530000.0,43927540.4541986,-20598877.983454973,-71854971.84083076,40196625.9939699,1120636.0894835906,-83746.32870820886,352595.11826083745,-15911802.454559684,322316014.72498095,549094.2556774826,317486144.2524019,0.3450007477075716,0.7371114413979348,0.0
2035,value_1,Education only,"Awareness (built by education spend E_edu) shifts recycling, organics, and informal-leakage shares. Convenience channel stays off.",Education ON; convenience OFF.,55.0,0.0,0.3752554848480579,0.3320609414677109,0.2669004198943849,2902058.9400000004,74824.23195721857,2827234.708042782,1089013.534587341,963660.4238111873,774560.7496442536,1089013.534587341,30000.0,1400000.0,752354.1451793661,955880.5628634158,18000.000000000004,1092000.0,308000.0,434000.0,0.12225097989656591,7390545.604820938,776033.92916072,176945245.03492087,197906429.56299472,162488113.29658854,38235222.514536634,19530000.0,45141248.710761964,-20961184.528073847,-72016602.63921952,40287759.760322124,1134148.3613235955,-94520.25782616204,352157.95858235634,-17958848.986970786,322382768.67909193,564265.6088845246,316628694.23841643,0.3476473177367851,0.7338904537924973,0.0
2036,value_1,Education only,"Awareness (built by education spend E_edu) shifts recycling, organics, and informal-leakage shares. Convenience channel stays off.",Education ON; convenience OFF.,60.0,0.0,0.3754030560298148,0.3321319084844857,0.26671799562684406,2946317.0,75858.94123582366,2870458.058764177,1106056.405832596,978565.8882102845,785835.7647212964,1106056.405832596,30000.0,1400000.0,774108.7421209768,977349.3166432,18000.000000000004,1092000.0,308000.0,434000.0,0.11636575540874905,8142899.750000304,850858.1611179386,179612484.76316068,200932064.11349237,164087129.28102672,39093972.665728,19530000.0,46446524.527258605,-21319579.350331694,-72232471.40057307,40299884.662330836,1148625.4191131203,-103658.82919439976,351708.3281727432,-19695177.546935953,322454558.84899926,580581.5565907327,316102835.2754231,0.34989165355567126,0.7303187413738924,0.0
2037,value_1,Education only,"Awareness (built by education spend E_edu) shifts recycling, organics, and informal-leakage shares. Convenience channel stays off.",Education ON; convenience OFF.,65.0,0.0,0.3755141393557123,0.3321852952177319,0.2665806866442468,2991571.4400000004,76942.8548054178,2914628.585194583,1123377.374612729,993756.0419613353,797495.1686205182,1123377.374612729,30000.0,1400000.0,797283.4446140225,998345.1405805601,18000.000000000004,1092000.0,308000.0,434000.0,0.111300295749033,8917008.492121281,926717.1023537623,182347365.6308329,204024000.9636208,165765493.46908298,39933805.6232224,19530000.0,47837006.67684135,-21676635.3327879,-72497378.74285632,40241998.18866795,1164002.7119308673,-111376.94270774885,351246.0352846753,-21161619.11447228,322531035.36722624,597962.5834605169,315868135.37152094,0.35179272782439525,0.7264545305484282,0.0
2038,value_1,Education only,"Awareness (built by education spend E_edu) shifts recycling, organics, and informal-leakage shares. Convenience channel stays off.",Education ON; convenience OFF.,70.0,0.0,0.37559741830425536,0.3322253003987889,0.26647775190529993,3037843.8200000003,78071.15653935011,2959772.66346065,1141006.296003537,1009248.5756641044,809517.7917930087,1141006.296003537,30000.0,1400000.0,821786.0533744029,1018986.6100862473,18000.000000000004,1092000.0,308000.0,434000.0,0.10694041421565602,9714291.936735304,1003659.9571591801,185149637.72057766,207184086.4422455,167519491.54882628,40759464.40344989,19530000.0,49307163.20246418,-22034448.721667856,-72806766.31808546,40121921.055328116,1180224.0689641102,-117861.20213076193,350770.94381305727,-22393628.40484477,322611893.9761355,616339.5400308021,315889504.46870923,0.353400996974967,0.7223482521074618,-4.656612873077393e-10
2039,value_1,Education only,"Awareness (built by education spend E_edu) shifts recycling, organics, and informal-leakage shares. Convenience channel stays off.",Education ON; convenience OFF.,75.0,0.0,0.37565966277344737,0.33225519063386505,0.26640081937931176,3085158.7800000003,79240.22761073944,3005918.5523892604,1158969.7068973402,1025060.0185846426,821888.8269072778,1158969.7068973402,30000.0,1400000.0,847540.4138911952,1039378.1384980654,18000.000000000004,1092000.0,308000.0,434000.0,0.10318782940361015,10536077.990109706,1081731.1136985302,188019560.1649263,210414298.66724822,169346111.90147996,41575125.53992262,19530000.0,50852424.833471715,-22394738.50232193,-73156718.22502363,39946362.519244075,1197243.2290363265,-123272.72331154556,350282.9037925972,-23421817.429193657,322696883.3658409,635655.3104183964,316136687.95254356,0.35475949195311784,0.7180427882127658,0.0
2040,value_1,Education only,"Awareness (built by education spend E_edu) shifts recycling, organics, and informal-leakage shares. Convenience channel stays off.",Education ON; convenience OFF.,80.0,0.0,0.3757060799510436,0.3322774746469393,0.26634345069886,3133536.34,80447.2618589703,3053089.07814103,1177288.6546855406,1041203.541769613,834596.8816858763,1177288.6546855406,30000.0,1400000.0,874479.7836107946,1059609.2945302352,18000.000000000004,1092000.0,308000.0,434000.0,0.09995794972367075,11383618.4040009,1160971.3413092697,190957380.26134866,213716235.4698721,171242648.82110596,42384371.78120941,19530000.0,52468787.016647674,-22758855.208523422,-73543798.320593,39721136.0814039,1215019.5751045188,-127750.64887874015,349781.8279882352,-24272623.286960628,322785783.2859156,655859.8377080959,316583589.95630217,0.35590487755825706,0.7135754112542143,-4.656612873077393e-10
2041,value_1,Education only,"Awareness (built by education spend E_edu) shifts recycling, organics, and informal-leakage shares. Convenience channel stays off.",Education ON; convenience OFF.,85.0,0.0,0.37574063567793226,0.33229406095807584,0.26630074297789996,3183004.22,81690.40401337581,3101313.815986625,1195984.0289883409,1057693.3983104927,847636.3886877911,1195984.0289883409,30000.0,1400000.0,902553.0829260709,1079760.7330605537,18000.000000000004,1092000.0,308000.0,434000.0,0.09717796652025369,12258098.187611695,1241418.60316824,193964033.8307153,217091967.11906374,173207175.01595378,43190429.32242215,19530000.0,54153184.97556426,-23127933.288348436,-73965132.9043818,39451151.27506797,1233522.2992337302,-131414.507132879,349267.55400560284,-24968756.35524701,322878425.17365605,676914.8121945532,317207862.67812717,0.35686834636193,0.7089771830655776,0.0
2042,value_1,Education only,"Awareness (built by education spend E_edu) shifts recycling, organics, and informal-leakage shares. Convenience channel stays off.",Education ON; convenience OFF.,90.0,0.0,0.3757663285592387,0.3323063914214321,0.26626898945605554,3233583.9800000004,82968.23731958709,3150615.7426804136,1215071.980252571,1074540.6237519523,861003.1386758902,1215071.980252571,30000.0,1400000.0,931714.6186467351,1099901.1240336783,18000.000000000004,1092000.0,308000.0,434000.0,0.09478521280274495,13160651.270537766,1323109.0071816158,197040255.65204838,220543101.98762897,175237890.33991387,43996044.96134713,19530000.0,55902877.118804105,-23502846.335580587,-74418186.57414062,39140673.40744855,1252723.7393062334,-134367.49713081284,348739.9873017149,-25529824.45485444,322974658.24153423,698785.9639850513,317990254.8583891,0.3576764721790406,0.70427538781544,-4.656612873077393e-10
2043,value_1,Education only,"Awareness (built by education spend E_edu) shifts recycling, organics, and informal-leakage shares. Convenience channel stays off.",Education ON; convenience OFF.,95.0,0.0,0.3757854138018751,0.33231554977273886,0.26624540252884765,3285301.8,84279.92961683846,3201021.870383161,1234568.496377045,1091756.8738363686,874696.5001697477,1234568.496377045,30000.0,1400000.0,961929.664490488,1120092.2058926732,18000.000000000004,1092000.0,308000.0,434000.0,0.09272575059246446,14092365.889184501,1406077.2445012028,200187198.56557247,224071530.9268213,177333538.11583576,44803688.235706925,19530000.0,57715779.86942928,-23884332.36124882,-74900838.26357459,38793307.49665464,1272603.089967391,-136698.33651454956,348198.9817500067,-25972683.937764417,323074367.89281857,721447.248367866,318914289.87094,0.3583518802248504,0.699492942116217,0.0
2044,value_1,Education only,"Awareness (built by education spend E_edu) shifts recycling, organics, and informal-leakage shares. Convenience channel stays off.",Education ON; convenience OFF.,100.0,0.0,0.375799580855141,0.3323223475080785,0.2662278940188146,3338183.8600000003,85625.00893042721,3252558.8510695724,1254488.0954053965,1109353.0967687787,888717.6588953973,1254488.0954053965,30000.0,1400000.0,993170.4059025842,1140388.4451669885,18000.000000000004,1092000.0,308000.0,434000.0,0.09095315504093007,15054295.553674988,1490357.1741180413,203406121.13314852,227679119.57487008,179493163.1572911,45615537.80667954,19530000.0,59590224.35415505,-24272998.44172156,-75411279.92306478,38412133.12306215,1293143.7963337537,-138483.49334993376,347644.38606237917,-26311863.736487415,323177462.3394785,744877.8044269382,319965834.01918864,0.358913857863972,0.6946495201536508,9.313225746154785e-10
