year,A,Psi,sR,sO,sG,gen_total,informal,Q_HAUL,Q_HAUL_R,Q_HAUL_O,Q_HAUL_G,Q_MRF,Q_CMP,Q_WTE,Q_LF,Q_mat,Q_cmp,Q_comb,Q_ash,E_WTE,S_LF,S_ENV,gen_to_mun,mun_to_haul,tipping,rev_mat,rev_E,landfill_tax,net_MUN,net_HAUL,net_T,GHG_dir,GHG_net,E_net,D_climate,D_air,D_env,D_NC,D_LF,mass_residual
2024,0.0,0.0,0.45,0.35,0.20000000000000007,2475000.0,0.0,2475000.0,1113750.0,866250.0,495000.0000000002,192350,30000,1400000,1179038.0,176962.0,18000.000000000004,1092000.0,308000.0,434000.0,0.0,0.0,1423125000.0,1732500000.0,1569224000.0,15926580.0,19530000.0,70742280.0,-309375000.0,69226000.0,1419830100.0,1375475.56,1003617.3600000001,367957.81,190687298.4,323790825.4,514478123.79999995,0.08240888888888889,0.5236210101010101,0.0
2025,5.0,3.0,0.45,0.35,0.20000000000000007,2498306.810702846,0.0,2498306.8107028464,1124238.0648162807,874407.383745996,499661.36214056937,192350,30000,1400000,1202344.8107028464,176962.0,18000.000000000004,1092000.0,308000.0,434000.0,1179038.0,0.0,1465256944.477219,1783791062.8418324,1580877405.3514233,15926580.0,19530000.0,72140688.64217079,-318534118.3646133,107977998.68370098,1429502426.4416814,1390275.3847963074,1018417.1847963075,367841.27594648575,193499265.1112984,323867737.87531936,517367002.9866178,0.08164009285257465,0.5187361273835731,-4.656612873077393e-10
2026,10.149999999999999,6.09,0.45,0.35,0.20000000000000007,2521794.612046534,0.0,2521794.6120465347,1134807.5754209405,882628.114216287,504358.92240930704,192350,30000,1400000,1225832.6120465347,176962.0,18000.000000000004,1092000.0,308000.0,434000.0,2381382.8107028464,0.0,15086384087.10719,18366230159.534912,1592621306.0232673,15926580.0,19530000.0,73549956.72279207,-3279846072.427723,16677780658.253876,1439249863.9993117,1405190.1386495493,1033331.9386495494,367723.83693976735,196333068.3434144,323945247.6197536,520278315.963168,0.08087970329767534,0.5139046589318692,-4.656612873077393e-10
2027,15.4545,9.2727,0.45,0.35,0.20000000000000007,2545463.2988027427,0.0,2545463.2988027427,1145458.4844612342,890912.1545809598,509092.6597605486,192350,30000,1400000,1249501.2988027427,176962.0,18000.000000000004,1092000.0,308000.0,434000.0,3607215.422749381,0.0,15532289776.129398,18907701383.506775,1604455649.4013715,15926580.0,19530000.0,74970077.92816457,-3375411607.3773766,17206518128.7509,1449072369.0031385,1420219.7547397418,1048361.5547397418,367605.4935059863,199188695.40055096,324023354.28604907,523212049.6866,0.08012765302722433,0.5091261777805066,0.0
2028,20.918135,12.550881,0.45,0.35,0.20000000000000007,2569312.701212405,0.0,2569312.701212405,1156190.7155455824,899259.4454243417,513862.54024248116,192350,30000,1400000,1273350.7012124052,176962.0,18000.000000000004,1092000.0,308000.0,434000.0,4856716.721552124,0.0,11485983965.134998,19467682337.086395,1616380350.6062026,15926580.0,19530000.0,76401042.07274431,-7981698371.951397,17753668103.83412,1458969871.003148,1435364.1252698773,1063505.9252698773,367486.246493938,202066125.80127668,324102057.31400096,526168183.11527765,0.07938387565816904,0.504400262135653,0.0
2029,26.545679,15.927407,0.45,0.35,0.20000000000000007,2593344.8275891403,0.0,2593344.8275891403,1167005.172415113,907670.689656199,518668.96551782824,192350,30000,1400000,1297382.8275891403,176962.0,18000.000000000004,1092000.0,308000.0,434000.0,6130067.4227645295,0.0,11953763648.289385,20043962172.436466,1628396413.79457,15926580.0,19530000.0,77842969.65534842,-8090198524.147081,18317018655.19351,1468943203.449493,1450624.525519104,1078766.325519104,367366.0858620543,204965601.84862977,324181363.3310442,529146965.17967397,0.07864823753099193,0.49972606273295694,0.0
2030,32.342049,19.405229,0.45,0.35,0.20000000000000007,2617557.1314540626,0.0,2617557.1314540626,1177900.709154328,916144.9960089219,523511.42629081267,192350,30000,1400000,1321595.1314540626,176962.0,18000.000000000004,1092000.0,308000.0,434000.0,7427450.25035367,0.0,16950514716.157076,20634202867.252377,1640502565.7270312,15926580.0,19530000.0,79295707.88724376,-3683688151.0953007,18894233130.53009,1478991309.5534358,1465999.3384733298,1094141.1384733298,367245.0243427297,207886816.30993268,324261263.93379843,532148080.24373114,0.07792074432648519,0.49510361566782246,0.0
2031,38.312310000000004,22.987385999999997,0.45,0.35,0.20000000000000007,2641951.4863975514,0.0,2641951.4863975514,1188878.168878898,924683.0202391429,528390.2972795104,192350,30000,1400000,1345989.4863975514,176962.0,18000.000000000004,1092000.0,308000.0,434000.0,8749045.381807733,0.0,17450089567.65583,21243931902.12271,1652699743.1987758,15926580.0,19530000.0,80759369.18385309,-3793842334.466881,19490838002.440826,1489114966.8549838,1481489.7538624452,1109631.5538624453,367123.05256801227,210829995.2338646,324341765.3051119,535171760.5389765,0.07720126620421543,0.49053209594212366,0.0
2032,44.461679000000004,26.677007999999997,0.45,0.35,0.20000000000000007,2666525.2163020913,0.0,2666525.2163020913,1199936.3473359412,933283.8257057319,533305.0432604185,192350,30000,1400000,1370563.2163020913,176962.0,18000.000000000004,1092000.0,308000.0,434000.0,10095034.868205285,0.0,17964513708.488007,21870839824.109753,1664986608.1510458,15926580.0,19530000.0,82233792.97812548,-3906326115.621746,20104525257.739227,1499313064.765368,1497094.0723518278,1125235.8723518278,367000.18391848955,213794815.74684727,324422858.6137969,538217674.3606441,0.07648980731667422,0.48601152994053676,0.0
2033,50.795529,30.477317999999997,0.45,0.35,0.20000000000000007,2691282.2960597696,0.0,2691282.2960597696,1211077.0332268965,941948.8036209194,538256.4592119541,192350,30000,1400000,1395320.29605977,176962.0,18000.000000000004,1092000.0,308000.0,434000.0,11465598.084507376,0.0,13282958336.317797,22515267688.836033,1677365148.029885,15926580.0,19530000.0,83719217.76358621,-9232309352.518236,20735633813.555878,1509587252.8648045,1512814.8179979539,1140956.617997954,366876.39851970115,216781757.41961125,324504556.97699726,541286314.3966085,0.07578617832050358,0.4815407145870134,-4.656612873077393e-10
2034,57.319395,34.391638,0.45,0.35,0.20000000000000007,2716217.679247517,0.0,2716217.6792475176,1222297.9556613828,950676.1877366309,543243.5358495036,192350,30000,1400000,1420255.6792475171,176962.0,18000.000000000004,1092000.0,308000.0,434000.0,12860918.380567146,0.0,19038648768.26566,23177485457.019066,1689832839.6237586,15926580.0,19530000.0,85215340.75485103,-4138836688.7534065,21384436345.5839,1519935436.8877196,1528648.7863221732,1156790.5863221732,366751.7216037624,219790211.40121293,324586843.7415168,544377055.1427298,0.07509044711633872,0.4771200813180131,0.0
2035,64.038977,38.423387,0.45,0.35,0.20000000000000007,2741335.2013302683,0.0,2741335.2013302683,1233600.8405986207,959467.3204655938,548267.0402660539,192350,30000,1400000,1445373.2013302688,176962.0,18000.000000000004,1092000.0,308000.0,434000.0,14281174.059814664,0.0,19598353621.350357,23860581592.378654,1702391600.6651344,15926580.0,19530000.0,86722392.07981613,-4262227971.0282974,22054019254.06297,1530359208.5520616,1544598.4128447208,1172740.2128447208,366626.13399334863,222820640.44049695,324669731.5643899,547490372.0048869,0.07440242984550915,0.4727484619068537,-4.656612873077393e-10
2036,70.96014600000001,42.576088999999996,0.45,0.35,0.20000000000000007,2766634.1540483613,0.0,2766634.1540483613,1244985.3693217626,968321.9539169264,553326.8308096725,192350,30000,1400000,1470672.1540483613,176962.0,18000.000000000004,1092000.0,308000.0,434000.0,15726547.261144932,0.0,20175402904.982273,24562178019.641354,1715041077.0241807,15926580.0,19530000.0,88240329.24290168,-4386775114.6590805,22742004844.763336,1540858273.93007,1560663.2478207094,1188805.0478207094,366499.6392297582,225872959.0859348,324753218.1083596,550626177.1942943,0.07372207116779297,0.46842550472517097,0.0
2037,78.08895000000001,46.85337199999999,0.26549926496219567,0.18454773295730417,0.5499530020805001,2792111.532555177,0.0,2792111.532555177,741303.5595858691,515277.85349700204,1535530.1194723055,192350,30000,1400000,1496149.5325551769,176962.0,18000.000000000004,1092000.0,308000.0,434000.0,17197219.415193293,0.0,9353381133.724985,25282569927.28713,1727779766.2775884,15926580.0,19530000.0,89768971.95331061,-15929188793.562143,23448689922.772446,1551431386.0103984,1576841.3831725372,1204983.1831725372,366372.25233722414,228946804.8027821,324837293.4574321,553784098.2602142,0.07304937414636367,0.46415122923618013,0.0
2038,85.43161900000001,51.25897299999999,0.45,0.35,0.20000000000000007,2817768.7305821665,0.0,2817768.7305821665,1267995.928761975,986219.055703758,563553.7461164334,192350,30000,1400000,1521806.7305821665,176962.0,18000.000000000004,1092000.0,308000.0,434000.0,18693368.94774847,0.0,21377988693.61731,26024911995.65689,1740608365.2910833,15926580.0,19530000.0,91308403.83492999,-4646923302.039581,24177228418.603683,1562079123.1915991,1593133.7039196757,1221275.5039196757,366243.96634708915,232042345.7447384,324921962.21092117,556964307.9556596,0.07238422294432245,0.45992489941935266,0.0
2039,92.99456800000002,55.79674199999999,0.45,0.35,0.20000000000000007,2843604.8440904883,0.0,2843604.8440904883,1279622.1798407198,995261.6954316709,568720.9688180978,192350,30000,1400000,1547642.8440904887,176962.0,18000.000000000004,1092000.0,308000.0,434000.0,20215175.678330638,0.0,22005236085.994247,26789601236.17649,1753526422.0452442,15926580.0,19530000.0,92858570.64542933,-4784365150.182243,24928017830.05581,1572801110.2975526,1609539.6359974602,1237681.4359974603,366114.7857795475,235159472.83951744,325007221.38549864,560166694.2250161,0.07172656229780623,0.4557461641315026,-4.656612873077393e-10
2040,100.78440500000002,60.470643999999986,0.45,0.35,0.20000000000000007,2869621.130108678,0.0,2869621.130108678,1291329.5085489051,1004367.3955380372,573924.2260217357,192350,30000,1400000,1573659.1301086778,176962.0,18000.000000000004,1092000.0,308000.0,434000.0,21762818.522421125,0.0,22651497871.56936,27574189439.214283,1766534565.054339,15926580.0,19530000.0,94419547.80652067,-4922691567.644924,25698609271.215813,1583597868.9951012,1626059.9776190105,1254201.7776190105,365984.7043494566,238298337.747612,325093075.12935865,563391412.8769706,0.07107628176416292,0.45161432162681336,0.0
2041,108.80793700000002,65.28476299999998,0.45,0.35,0.20000000000000007,2895814.3296859693,0.0,2895814.3296859693,1303116.4483586862,1013535.0153900892,579162.8659371941,192350,30000,1400000,1599852.3296859693,176962.0,18000.000000000004,1092000.0,308000.0,434000.0,23336477.652529802,0.0,23315359494.033615,28384772059.58187,1779631164.8429847,15926580.0,19530000.0,95991139.78115815,-5069412565.548256,26495099950.21082,1594468046.819677,1642692.6593505903,1270834.4593505904,365853.73835157015,241458547.27661216,325179512.6879637,566638059.9645759,0.07043338307608908,0.447529382914732,0.0
2042,117.07217500000002,70.24330599999999,0.45,0.35,0.20000000000000007,2922185.5725089335,0.0,2922185.5725089335,1314983.5076290201,1022764.9503781267,584437.1145017869,192350,30000,1400000,1626223.572508934,176962.0,18000.000000000004,1092000.0,308000.0,434000.0,24936329.98221577,0.0,23998156795.67237,29216011353.944317,1792816786.254467,15926580.0,19530000.0,97573414.35053603,-5217854558.271946,27312151515.93451,1605412112.5912075,1659438.398543173,1287580.198543173,365721.88213745534,244640237.72320288,325266537.78927946,569906775.5124824,0.06979775751369618,0.4434906571957752,-4.656612873077393e-10
2043,125.58434000000001,75.35060499999999,0.45,0.35,0.20000000000000007,2948735.9212310985,0.0,2948735.9212310985,1326931.1645539943,1032057.5724308843,589747.1842462198,192350,30000,1400000,1652773.9212310985,176962.0,18000.000000000004,1092000.0,308000.0,434000.0,26562553.554724704,0.0,24700233880.988358,30071208924.71474,1806091960.615549,15926580.0,19530000.0,99166435.27386591,-5370975043.726383,28153064999.092407,1616430507.3109057,1676297.8699817476,1304439.6699817476,365589.1303938445,247843537.29653206,325354153.94006264,573197691.2365947,0.06916930015043388,0.4394974777730979,0.0
2044,134.35187000000002,80.61112299999999,0.45,0.35,0.20000000000000007,2975461.939133196,0.0,2975461.939133196,1338957.8726099383,1041411.6786966186,595092.3878266395,192350,30000,1400000,1679499.9391331961,176962.0,18000.000000000004,1092000.0,308000.0,434000.0,28215327.475955803,0.0,18459319551.09148,30950755090.863506,1819454969.566598,15926580.0,19530000.0,100769996.34799176,-12491435539.772026,29018232567.609848,1627521804.7402763,1693268.8913495797,1321410.6913495797,365455.50030433404,251068031.35642016,325442349.79913956,576510381.1555598,0.06854801176163514,0.4355498495731175,0.0
